<resources>
    <string name="app_name">Student Management</string>
    <string name="facultybutton">facultybutton</string>
    <string name="admission">admission</string>
    <string name="socialmedia">socialmedia</string>
    <string name="dashboard">DASHBOARD</string>
    <string name="ucclogo">ucclogo</string>
    <string name="fab">fab</string>
    <string name="social_media">Social Media</string>
    <string name="admissions">Admissions</string>
    <string name="faculty">Faculty</string>
    <string name="it_staff_faculty">IT Staff/Faculty</string>
    <string name="telephone_1">telephone_1</string>
    <string name="email_1">email_1</string>
    <string name="teacher1">teacher1</string>
    <string name="email_2">email_2</string>
    <string name="teacher2">teacher2</string>
    <string name="phone_2">phone_2</string>
    <string name="email_3">email_3</string>
    <string name="teacher3">teacher3</string>
    <string name="phone_3">phone_3</string>
    <string name="email_4">email_4</string>
    <string name="teacher_4">teacher_4</string>
    <string name="phone_4">phone_4</string>
    <string name="staff_image_description">staffimage</string>
    <string name="phone_icon_description1">phone1</string>
    <string name="email_icon_description1">email1</string>
    <string name="phone_icon_description2">phone2</string>
    <string name="email_icon_description2">email2</string>
    <string name="staff_image_description3">image3</string>
    <string name="phone_icon_description3">phone3</string>
    <string name="email_icon_description3">email3</string>
    <string name="backbutton">backButton</string>
    <string name="instagram">Instagram</string>
    <string name="twitter">Twitter</string>
    <string name="facebook">Facebook</string>
    <string name="ucc_it_connect">UCC IT Connect</string>
    <string name="apply">Apply</string>
    <string name="admission_requirements">Admission REQUIREMENTS</string>
    <string name="admissioninfo">Candidates who have a minimum of 4 CXCs can also apply pending the outstanding CXC subjects or can opt to do UCC replacement courses Core Mathematics, English for Academic Purpose and Fundamentals of Accounting.</string>
    <string name="admissioninfo1">Candidates can opt to apply under the Mature Entry option. To be accepted, applicants must be working for 5 years or more and be at a minimum age of 25 years. Academic qualifications, a detailed resume, a job letter and 3 professional references will be required.</string>

    <string name="admissioninfo2">To be unconditionally admitted to complete UCC undergraduate programmes, individuals should possess a minimum of five (5) subjects at the GCE or CSEC level (including the mandatory English Language and Mathematics) at grades A, B, C or 1, 2, 3 respectively. A CSEC pass at level 3 must have been obtained since 1998.</string>

    <string name="credits">%d credits</string>
    <string name="prerequisites">Prerequisites: %s</string>
    <string name="coursesbutton" />

</resources>